variety_0,corrected_variety
NSIC Rc 140 ( Tubigan 6 ),NSIC Rc 140
0hwbilis,NSIC Rc 410H
401,NSIC Rc 402
NSIC Rc 160 ( Tubigan 14 ),NSIC Rc 160
436,NSIC Rc 436
NSIC Rc 222 ( Tubigan 18 ),NSIC Rc 222
Sl8h,NSIC Rc 132H
Rc 222,NSIC Rc 222
NSIC Rc 210H ( Mestiso 23 ),NSIC Rc 210H
PSB Rc 10 ( Pagsanjan ),PSB Rc 10
NSIC Rc 508 ( Tubigan 42 ),NSIC Rc 508
PSB Rc 18 ( Ala ),PSB Rc 18
Other,Undefined
NSIC Rc 322H ( Mestiso 50 ) PHB79,NSIC Rc 322H
NSIC Rc 226 ( Tubigan 20 ),NSIC Rc 226
NSIC Rc 176H ( Mestiso 13 ) PHB73,NSIC Rc 176H
NSIC Rc 402 ( Tubigan 36 ),NSIC Rc 402
PHB83,PHB83
NSIC Rc 442 ( Tubigan 40 ),NSIC Rc 442
lp2096,NSIC Rc 404H
NSIC Rc 410H ( Mestiso 69 ) Arize HaBilis Plus,NSIC Rc 410H
NSIC Rc 376H ( Mestiso 59 ) Frontline S6003,NSIC Rc 376H
160,NSIC Rc 160
NSIC Rc 456H ( Mestiso 78 ) Longping ( LP ) 937,NSIC Rc 456H
NSIC Rc 300 ( Tubigan 24 ),NSIC Rc 300
NSIC Rc 486H ( Mestiso 80 ) Longping ( LP ) 534,NSIC Rc 486H
NSIC Rc 144 ( Tubigan 8 ),NSIC Rc 144
NSIC Rc 506 ( Tubigan 41 ),NSIC Rc 506
SL-20,NSIC Rc 540H
480,NSIC Rc 480
NSIC Rc 480 ( GSR 8 ),NSIC Rc 480
NSIC Rc 216 ( Tubigan 17 ),NSIC Rc 216
NSIC Rc 122 ( Angelica ),NSIC Rc 122
NSIC Rc 262H ( Mestiso 38 ),NSIC Rc 262H
bigante  plus,NSIC Rc 314H
nk5017,NSIC Rc 234H
habilis,NSIC Rc 410H
NSIC Rc 430 ( Sahod Ulan 20 ),NSIC Rc 430
NSIC Rc 222,NSIC Rc 222
phb 77,NSIC Rc 492H
PSB Rc 82 ( Pe?aranda ),PSB Rc 82
M20,NSIC Rc 204H
NSIC Rc 150 ( Tubigan 9 ),NSIC Rc 150
222,NSIC Rc 222
NSIC Rc 666H ( Mestiso 117 ) Jackpot 102,NSIC Rc 666H
NSIC Rc 156 ( Tubigan 12 ),NSIC Rc 156
NSIC Rc 152 ( Tubigan 10 ),NSIC Rc 152
358,NSIC Rc 358
bigante,NSIC Rc 314H
502,NSIC Rc 502H
lp 2029,NSIC Rc 404H
PHB79,NSIC Rc 322H
LP,NSIC Rc 404H
SL 8H,NSIC Rc 132H
NSIC Rc 118 ( Matatag 3 ),NSIC Rc 118
lp,NSIC Rc 404H
NSIC Rc 240 ( Tubigan 22 ),NSIC Rc 240
Rc222,NSIC Rc 222
rc216,NSIC Rc 216
PSB Rc 28 ( Agno ),PSB Rc 28
NSIC Rc 110 ( Tubigan 1 ),NSIC Rc 110
NSIC Rc 218SR ( Mabango 3 ),NSIC Rc 218SR
NSIC Rc 534 ( Salinas 29 ),NSIC Rc 534
SL-18H,SL-18H
NSIC Rc 436 ( Tubigan 37 ),NSIC Rc 436
NSIC Rc 234H ( Mestiso 27 ) NK5017,NSIC Rc 234H
RC 402,NSIC Rc 402
NSIC Rc 426 ( Sahod Ulan 18 ),NSIC Rc 426
350,NSIC Rc 350H
NSIC Rc 336 ( Salinas 16 ),NSIC Rc 336
RC 18,PSB Rc 18
NSIC Rc 280 ( Sahod Ulan 6 ),NSIC Rc 280
NSIC Rc 112 ( Tubigan 2 ),NSIC Rc 112
NSIC Rc 314H ( Mestiso 46 ) Arize Bigante Plus,NSIC Rc 314H
NSIC Rc 536 ( Salinas 30 ),NSIC Rc 536
NSIC Rc 204H ( Mestiso 20 ),NSIC Rc 204H
IR73885-1-4-3-2-1-6 ( Matatag 9 ),IR73885-1-4-3-2-1-6
PHB75,PHB75
NSIC Rc 458H ( Mestiso 79 ),NSIC Rc 458H
18,PSB Rc 18
RC18,PSB Rc 18
NSIC 2015 Rc 402,NSIC Rc 402
RC 538,NSIC Rc 538H
SL8H,NSIC Rc 132H
NSIC Rc 512 ( Tubigan 44 ),NSIC Rc 512
NSIC Rc 540H ( Mestiso 97 ) SL-20H,NSIC Rc 540H
216,NSIC Rc 216
LONG PING,NSIC Rc 404H
NSIC Rc 224 ( Tubigan 19 ),NSIC Rc 224
LAV 777,LAV 777
Longping,NSIC Rc 404H
NSIC Rc 404H ( Mestiso 66 ) Longping ( LP ) 2096,NSIC Rc 404H
PSB Rc 4 ( Molawin ),PSB Rc 4
NSIC Rc 116H ( Mestiso 3 ),NSIC Rc 116H
RC112,NSIC Rc 112
P79,NSIC Rc 322H
NSIC Rc 492H ( Mestiso 83 ) PHB77,NSIC Rc 492H
RC216,NSIC Rc 216
NSIC Rc 490H ( Mestiso 82 ),NSIC Rc 490H
zamboanga,Undefined
NSIC Rc 438 ( Tubigan 38 ),NSIC Rc 438
NSIC Rc 114H ( Mestiso 2 ),NSIC Rc 114H
NSIC Rc 664H ( Mestiso 116 ) PHB85,NSIC Rc 664H
H82,NSIC Rc 382H
BIOSEED,NSIC Rc 522H
NSIC Rc 132H ( Mestiso 6 ) SL-8H,NSIC Rc 132H
NSIC RC 480,NSIC RC 480
IR69726-29-1-2-2-2 ( Matatag 2 ),IR69726-29-1-2-2-2
RC402,NSIC Rc 402
NSIC Rc216,NSIC Rc 216
402,NSIC Rc 402
NK5017,NSIC Rc 234H
NSIC Rc 606 ( Salinas 35 ),NSIC Rc 606
NSIC Rc 346 ( Sahod Ulan 11 ),NSIC Rc 346
S8H,SL-18H
NSIC Rc 358 ( Tubigan 30 ),NSIC Rc 358
NSIC Rc 608 ( Salinas 36 ),NSIC Rc 608
RC 222,NSIC Rc 222
NSIC Rc 120 ( Matatag 6 ),NSIC Rc 120
NSIC Rc 128 ( Mabango 1 ),NSIC Rc 128
US88,NSIC Rc 236H
NSIC Rc 450H ( Mestiso 75 ),NSIC Rc 450H
NSIC Rc 27 ( Katihan 3 ),NSIC Rc 27
PSB Rc 64 ( Kabacan ),PSB Rc 64
NSIC Rc 400 ( Tubigan 35 ),NSIC Rc 400
508,NSIC Rc 508
"222,SL8H",NSIC Rc 222
SL-12H,SL-12H
NSIC Rc 220SR ( Japonica 1 ),NSIC Rc 220SR
PHB87,PHB87
LP296,NSIC Rc 404H
sl20,NSIC Rc 540H
NSIC Rc 494H ( Mestiso 84 ) Arize AZ 7888,NSIC Rc 494H
RC506,NSIC Rc 506
0,Undefined
NSIC Rc 158 ( Tubigan 13 ),NSIC Rc 158
NSIC Rc 422 ( Sahod Ulan 16 ),NSIC Rc 422
Rc 508,NSIC Rc 508
NSIC Rc 488H ( Mestiso 81 ),NSIC Rc 488H
NSIC Rc 236H ( Mestiso 28 ) US 88,NSIC Rc 236H
Arize AZ 8433 DT,Arize AZ 8433 DT
PSB Rc 34 ( Burdagol ),PSB Rc 34
NSIC Rc 138 ( Tubigan 5 ),NSIC Rc 138
LONGPING,NSIC Rc 404H
NSIC Rc 460 ( Zinc Rice 1 ),NSIC Rc 460
NSIC Rc 522H ( Mestiso 93 ) BIORICE 453 ( BIOSEED ),NSIC Rc 522H
SL8,NSIC Rc 132H
NSIC Rc 574 ( Sahod Ulan 29 ),NSIC Rc 574
BIORICE 650 ( BIOSEED ),BIORICE 650 (BIOSEED)
HABI,NSIC Rc 410H
red rice,NSIC Rc 508
226,NSIC Rc 226
NSIC Rc 214 ( Tubigan 16 ),NSIC Rc 214
JACKPOT,NSIC Rc 666H
NSIC Rc 356 ( Tubigan 29 ),NSIC Rc 356
NSIC Rc 412H ( Mestiso 70 ) Longping ( LP ) 205,NSIC Rc 412H
rc18,PSB Rc 18
DINORADO,Undefined
LP 937/NK 5017,NSIC Rc 456H
NSIC Rc 136H ( Mestiso 7 ),NSIC Rc 136H
SL-8H,NSIC Rc 132H
NSIC Rc 302 ( Tubigan 25 ),NSIC Rc 302
SL19H,NSIC Rc 488H
218,NSIC Rc 218SR
PIONEER,NSIC Rc 322H
SL-19H,NSIC Rc 488H
2222,NSIC Rc 222
rc 10,PSB Rc 10
NSIC Rc 502H ( Mestiso 88 ),NSIC Rc 502H
RC508,NSIC Rc 508
NSIC Rc 524H ( Mestiso 94 ),NSIC Rc 524H
NSIC Rc 202H ( Mestiso 19 ),NSIC Rc 202H
NSIC Rc 440 ( Tubigan 39 ),NSIC Rc 440
Quadro Alas,Quadro Alas
NSIC Rc 274 ( Sahod Ulan 3 ),NSIC Rc 274
NSIC Rc 510 ( Tubigan 43 ),NSIC Rc 510
pIONEER,NSIC Rc 322H
442,NSIC Rc 442
RC358,NSIC Rc 358
NSIC Rc 232H ( Mestiso 26 ),NSIC Rc 232H
Habilis,NSIC Rc 410H
BIORICE ZARAP ( BIOSEED ),BIORICE ZARAP (BIOSEED)
LP 937,NSIC Rc 456H
456,NSIC Rc 456H
0BIGANTE PLUS,NSIC Rc 314H
NSIC Rc 590  ( Submarino 2 ),NSIC Rc 590
RC222,NSIC Rc 222
NSIC Rc 290 ( Salinas 6 ),NSIC Rc 290
NSIC Rc 580 ( Tubigan 46 ),NSIC Rc 580
NSIC Rc 556 ( Salinas 32 ),NSIC Rc 556
PHB85,NSIC Rc 664H
"512, US 88",NSIC Rc 512
NSIC Rc 482SR ( Japonica 5 ),NSIC Rc 482SR
NSIC Rc 180H ( Mestiso 15 ),NSIC Rc 180H
US 88,NSIC Rc 236H
NSIC Rc 514 ( Tubigan 45 ),NSIC Rc 514
NSIC Rc 546H ( Mestiso 100 ),NSIC Rc 546H
518,NSIC Rc 518H
SL19,NSIC Rc 488H
rc506,NSIC Rc 506
NSIC Rc 570 ( Sahod Ulan 27 ),NSIC Rc 570
NK 5017,NSIC Rc 234H
NSIC Rc 374H ( Mestiso 58 ),NSIC Rc 374H
TH82,TH-82
NSIC Rc 650 ( Sahod Ulan 36 ),NSIC Rc 650
NSIC Rc 652H ( Mestiso 110 ),NSIC Rc 652H
NSIC Rc 23 ( Katihan 1 ),NSIC Rc 23
NSIC Rc 170 ( MS 11 ),NSIC Rc 170
BPI76,BPI-76
NSIC Rc 496H ( Mestiso 85 ),NSIC Rc 496H
rc222,NSIC Rc 222
SL20,NSIC Rc 540H
LP2096,NSIC Rc 404H
NSIC Rc 338 ( Salinas 17 ),NSIC Rc 338
LONGPING 534,NSIC Rc 486H
NSIC Rc 416 ( Sahod Ulan 13 ),NSIC Rc 416
C18,PSB Rc 18
NSIC Rc 428 ( Sahod Ulan 19 ),NSIC Rc 428
488,NSIC Rc 488H
NSIC Rc 446H ( Mestiso 73 ),NSIC Rc 446H
NSIC Rc 216,NSIC Rc 216
sl8h,NSIC Rc 132H
R10,PSB Rc 10
rc46,NSIC Rc 460
NSIC Rc 528 ( Salinas 26 ),NSIC Rc 528
409,NSIC Rc 400
NSIC Rc 352 ( Tubigan 27 ),NSIC Rc 352
Nk507,NSIC Rc 234H
rc 18,PSB Rc 18
NSIC Rc 434 ( Sahod Ulan 21 ),NSIC Rc 434
NSIC Rc 146 ( PJ7 ),NSIC Rc 146
JACPOT,NSIC Rc 666H
NSIC Rc 250H ( Mestiso 32 ),NSIC Rc 250H
82,PSB Rc 82
NSIC Rc 212 ( Tubigan 15 ),NSIC Rc 212
Bigante,NSIC Rc 314H
Bolao,Undefined
400,NSIC Rc 400
longpin,NSIC Rc 404H
57,NSIC Rc 372H
LP584,NSIC Rc 486H
NSIC RC 436,NSIC Rc 436
NSIC Rc 142 ( Tubigan 7 ),NSIC Rc 142
SL8J,NSIC Rc 132H
SYGON,Undefined
NSIC Rc 284 ( Sahod Ulan 8 ),NSIC Rc 284
54,NSIC Rc 634
"NK5017, BIGANTE",NSIC Rc 234H
506,NSIC Rc 506
NSIC Rc 604 ( Salinas 34 ),NSIC Rc 604
nk,NSIC Rc 234H
Rc 18,PSB Rc 18
PSB Rc 82,PSB Rc 82
NSIC Rc 550H ( Mestiso 102 ),NSIC Rc 550H
NSIC Rc 238 ( Tubigan 21 ),NSIC Rc 238
PSB Rc 56 ( Dapitan ),PSB Rc 56
NSIC 2014 Rc 382H,NSIC Rc 382H
486H,NSIC Rc 486H
SL7,SL-7
512,NSIC Rc 512
nk5017/habilis,NSIC Rc 234H
53,NSIC Rc 364H
RC34,PSB Rc 34
NSIC Rc 196H ( Mestiso 16 ),NSIC Rc 196H
sl 8h,NSIC Rc 132H
NSIC Rc 330 ( Salinas 13 ),NSIC Rc 330
NSIC Rc 402,NSIC Rc 402
NSIC Rc 164H ( Mestiso 9 ),NSIC Rc 164H
GSR,NSIC Rc 480
Rc160,NSIC Rc 160
SYNGENTA,NSIC Rc 362H
10,PSB Rc 10
rc 218,NSIC Rc 218SR
NSIC Rc 248H ( Mestiso 31 ),NSIC Rc 248H
BIGANTE,NSIC Rc 314H
PSB Rc 52 ( Gandara ),PSB Rc 52
NSIC Rc 408H ( Mestiso 68 ),NSIC Rc 408H
NSIC RC 508,NSIC Rc 508
PHBTI,NSIC Rc 322H
NSIC Rc 200H ( Mestiso 18 ),NSIC Rc 200H
RC 10,PSB Rc 10
PHB78,PHB87
NSIC Rc 380H ( Mestiso  61 ),NSIC Rc 380H
NSIC Rc 350H ( Mestiso 51 ),NSIC Rc 350H
NSIC Rc 126H ( Mestiso 5 ),NSIC Rc 126H
NSIC Rc 148 ( Mabango 2 ),NSIC Rc 148
NSIC Rc 500H ( Mestiso 87 ),NSIC Rc 500H
NSIC Rc 320H ( Mestiso 49 ),NSIC Rc 320H
22,PSB Rc 22
534,NSIC Rc 534
PHB73,NSIC Rc 176H
C2,NSIC Rc 222
NSIC Rc 130 ( Tubigan 3 ),NSIC Rc 130
"PHB79, Bigante Plus",NSIC Rc 322H
27,NSIC Rc 27
us88,NSIC Rc 236H
NSIC Rc 628 ( Tubigan 51 ),NSIC Rc 628
SL-8,SL-8
Bioseed,NSIC Rc 522H
NSIC Rc 420 ( Sahod Ulan 15 ),NSIC Rc 420
438,NSIC Rc 438
Phb79,NSIC Rc 322H
Rc 400,NSIC Rc 400
PHB77,NSIC Rc 492H
BULAW,Undefined
S6003,NSIC Rc 376H
rc436,NSIC Rc 436
NSIC Rc 308 ( Tubigan 26 ),NSIC Rc 308
NSIC Rc 348 ( Sahod Ulan 12 ),NSIC Rc 348
NSIC Rc 340 ( Salinas 18 ),NSIC Rc 340
sl 20,NSIC Rc 540H
NSIC Rc 304SR ( Japonica 3 ),NSIC Rc 304SR
NSIC Rc 516H ( Mestiso 90 ),NSIC Rc 516H
NSIC Rc 542H ( Mestiso 98 ),NSIC Rc 542H
sl8,NSIC Rc 132H
LP/SL-8H,NSIC Rc 404H
SL20H,NSIC Rc 540H
PHB,NSIC Rc 176H
NSIC Rc 286 ( Sahod Ulan 9 ),NSIC Rc 286
nk 5017,NSIC Rc 234H
NSIC Rc 316H ( Mestiso 47 ),NSIC Rc 316H
NSIC Rc 312H ( Mestiso 45 ),NSIC Rc 312H
BIGANTE AND NK,NSIC Rc 314H
BioRice,NSIC Rc 522H
NSIC Rc 354 ( Tubigan 28 ),NSIC Rc 354
NSIC Rc 174H ( Mestiso 12 ),NSIC Rc 174H
Rc 442,NSIC Rc 442
937,NSIC Rc 456H
rc 442,NSIC Rc 442
lp534,NSIC Rc 486H
C10,PSB Rc 10
NSIC Rc 124H ( Mestiso 4 ),NSIC Rc 124H
NSIC Rc 406H ( Mestiso 67 ) Batari Indra01,NSIC Rc 406H
Kapiding,NSIC Rc 456H
NSIC Rc 178H ( Mestiso 14 ),NSIC Rc 178H
NK,NSIC Rc 234H
lp 2096,NSIC Rc 404H
PSB Rc 74 ( Aklan ),PSB Rc 74
phb79,NSIC Rc 322H
5017,NSIC Rc 234H
BOLAO,Undefined
BIGNATE,NSIC Rc 314H
SL-19,SL-19H
LP937,NSIC Rc 456H
pioneer77,NSIC Rc 492H
RC442,NSIC Rc 442
NSIC Rc 21SR ( Malagkit 5 ),NSIC Rc 21SR
NSIC Rc 166H ( Mestiso 10 ),NSIC Rc 166H
bIGANTE PLUS,NSIC Rc 314H
NSIC Rc 578 ( Sahod Ulan 31 ),NSIC Rc 578
A2,Undefined
83,PHB83
Quadra alas,Quadro Alas
rc 22,NSIC Rc 222
PSB Rc 80 ( Pasig ),PSB Rc 80
NSIC Rc 29 ( Katihan 4 ),NSIC Rc 29
580,NSIC Rc 580
Rc480,NSIC Rc 480
KIMBEE,Kimbee 58
NSICRc218,NSIC Rc 218SR
342,NSIC Rc 342SR
PHB937,NSIC Rc 456H
Sl 8h,NSIC Rc 132H
NSIC Rc 208H ( Mestiso 22 ),NSIC Rc 208H
NSIC Rc 256H ( Mestiso 35 ),NSIC Rc 256H
PSB Rc 58 ( Mayapa ),PSB Rc 58
NSIC Rc 200H,NSIC Rc 200H
MIC,Undefined
NSIC Rc 596 ( Sahod Ulan 34 ),NSIC Rc 596
LP534,NSIC Rc 486H
NSIC Rc 504H ( Mestiso 89 ),NSIC Rc 504H
NSIC Rc 418 ( Sahod Ulan 14 ),NSIC Rc 418
NSIC RC132H,NSIC RC132H
NSIC Rc 610 ( Salinas 37 ),NSIC Rc 610
LONGPIN,NSIC Rc 404H
322,NSIC Rc 322H
PSB Rc 20 ( Chico ),PSB Rc 20
408,NSIC Rc 408H
NSIC Rc 298 ( Tubigan 23 ),NSIC Rc 298
NSIC Rc 258H ( Mestiso 36 ),NSIC Rc 258H
68,NSIC Rc 680
NSIC Rc 392 ( Salinas 20 ),NSIC Rc 392
lp 2096/222,NSIC Rc 404H
rc 222`,NSIC Rc 222
sl19,NSIC Rc 488H
0n,Undefined
NSIC Rc 436,NSIC Rc 436
PSB Rc 8 ( Talavera ),PSB Rc 8
NSIC Rc 206H ( Mestiso 21 ),NSIC Rc 206H
LP 2096/SL-8H,NSIC Rc 404H
NSIC Rc 390 ( Salinas 19 ),NSIC Rc 390
Hybrid,Undefined
Longpin,NSIC Rc 404H
P,Undefined
NSIC Rc 454H ( Mestiso 77 ),NSIC Rc 454H
PHB82,TH-82
NSIC Rc 622 ( Tubigan 48 ),NSIC Rc 622
Bigante plus,NSIC Rc 314H
NSIC Rc 462 ( Salinas 21 ),NSIC Rc 462
RC14,NSIC Rc 140
RC436,NSIC Rc 436
rc  222,NSIC Rc 222
DK,Undefined
S6007,NSIC Rc 376H
rc12,NSIC Rc 120
NSIC Rc 568 ( Sahod Ulan 26 ),NSIC Rc 568
NSIC Rc 438,NSIC Rc 438
BULAO,Undefined
406,NSIC Rc 406H
HABILIS,NSIC Rc 410H
NSIC Rc 162H ( Mestiso 8 ),NSIC Rc 162H
Biorice,NSIC Rc 522H
hhy,Undefined
0nk5017,NSIC Rc 234H
Rc 10,PSB Rc 10
Sl8,NSIC Rc 132H
PALAWAN,Undefined
3-,Undefined
Nk5017,NSIC Rc 234H
BIGANTE PLUS,NSIC Rc 314H
NSIC Rc 168H ( Mestiso 11 ),NSIC Rc 168H
2096,NSIC Rc 404H
NSIC Rc 134 ( Tubigan 4 ),NSIC Rc 134
604,NSIC Rc 604
brown rice,Undefined
126,NSIC Rc 216
rc 222,NSIC Rc 222
NSIC Rc 480,NSIC RC 480
C-1,Undefined
NSIC Rc 360 ( Tubigan 31 ),NSIC Rc 360
Us 88,NSIC Rc 236H
NSIC Rc 512,NSIC Rc 512
440,NSIC Rc 440
R-12,Undefined
HABIUS,NSIC Rc 410H
RC 508,NSIC Rc 508
NSIC Rc 401,NSIC Rc 401
Syngenta,NSIC Rc 362H
PSB Rc 2,PSB Rc 2
BIORICE,NSIC Rc 522H
NSIC Rc 270H ( Mestiso 42 ),NSIC Rc 270H
418,NSIC Rc 418
BP,Undefined
NSIC Rc 518H ( Mestiso 91 ),NSIC Rc 518H
REDRICE,NSIC Rc 508
BATURI HABIUSI,NSIC Rc 406H
NSIC Rc 532 ( Salinas 28 ),NSIC Rc 532
pioneer,NSIC Rc 322H
NSIC RC 10,NSIC RC 10
lp937,NSIC Rc 456H
Blonde,Undefined
NSIC Rc,Undefined
Redrice,NSIC Rc 508
"BATARI, PHB79",NSIC Rc 406H
biorice,NSIC Rc 522H
Rc460,NSIC Rc 460
0.5,Undefined
rc 502,NSIC Rc 512
Hatao,Hatao
bolao,Undefined
NSIC Rc 554 ( Salinas 31 ),NSIC Rc 554
NSIC Rc 260H ( Mestiso 37 ),NSIC Rc 260H
312,NSIC Rc 212
NSIC Rc 344SR ( Mabango 5 ),NSIC Rc 344SR
Kasipag,Undefined
rc402,NSIC Rc 402
128,NSIC Rc 128
PH77,NSIC Rc 492H
403,NSIC Rc 402
NSIC Rc 582 ( Tubigan 47 ),NSIC Rc 582
PHB 79,NSIC Rc 322H
SL6,NSIC Rc 132H
H,Undefined
rc 216,NSIC Rc 216
DD,Undefined
sygenta,Undefined
1.5,Undefined
NSIC Rc 342SR ( Mabango 4 ),NSIC Rc 342SR
c18,PSB Rc 18
Rc 480,NSIC Rc 480
LP 534,NSIC Rc 534
NSIC 2016 Rc 480,NSIC Rc 480
346,NSIC Rc 346
rc442,NSIC Rc 442
51,NSIC Rc 350H
sl-h,Undefined
BROWNRICE,Undefined
NSIC Rc 498H ( Mestiso 86 ),NSIC Rc 498H
NSIC Rc 324 ( Salinas 10 ),NSIC Rc 324
Bigante Plus,NSIC Rc 314H
"PHB77, Bigante Plus",NSIC Rc 492H
RC 512,NSIC Rc 512
LUMPING,NSIC Rc 384H
1.8,Undefined
BI,Undefined
phb 79,NSIC Rc 322H
LP 2096,NSIC Rc 404H
NSIC Rc 656H ( Mestiso 112 ),NSIC Rc 656H
BR,Undefined
Bqtari,NSIC Rc 406H
RC134,NSIC Rc 134
A27888,Undefined
NSIC Rc 648 ( Zinc Rice 2 ),NSIC Rc 648
NSIC Rc 630 ( Tubigan 52 ),NSIC Rc 630
RC 160,NSIC Rc 160
Batari,NSIC Rc 406H
hybrid,Undefined
SL88,NSIC Rc 132H
NSIC Rc 640SR ( Pigmented 2 ),NSIC Rc 640SR
0phb 79,NSIC Rc 322H
P77,NSIC Rc 492H
M3,Undefined
152,NSIC Rc 152
6003,NSIC Rc 376H
PSB Rc 18,PSB Rc 18
NSIC Rc 306H ( Mestiso 43 ),NSIC Rc 306H
PSB Rc 76H ( Panay ),PSB Rc 76H
NSIC Rc 396 ( Tubigan 33 ),NSIC Rc 396
0LP,NSIC Rc 384H
Diammond,Undefined
others,Undefined
HABILIS PLUS,NSIC Rc 410H
nSIC Rc 222,NSIC Rc 222
brown,Undefined
PSB Rc 78 ( Pampanga ),PSB Rc 78
NSIC Rc 272 ( Sahod Ulan 2 ),NSIC Rc 272
SUPER LONG PING,NSIC Rc 384H
0.56,Undefined
th 82,TH-82
Jackpot,NSIC Rc 666H
NK17,NSIC Rc 234H
bigantte,NSIC Rc 314H
bulao,Undefined
habilis/bigante,NSIC Rc 314H
RC480,NSIC Rc 480
RC,Undefined
PSB96,Undefined
S6008,NSIC Rc 376H
NSIC Rc402,NSIC Rc 402
Rc402,NSIC Rc 402
RC2116,NSIC Rc 216
BLONDE,Undefined
S2R,Undefined
RC354,NSIC Rc 354
PIONER,NSIC Rc 492H
Nk5017e,NSIC Rc 234H
BROWN RICE,Undefined
NSIC Rc 508,NSIC Rc 508
PIONEER HABILIS,NSIC Rc 492H
INBREED,Undefined
NSIC Rc 466 ( Salinas 23 ),NSIC Rc 466
rc 440,NSIC Rc 440
0.25,Undefined
NSIC Rc 228H ( Mestiso 24 ),NSIC Rc 228H
lav777,LAV 777
sl-8h,NSIC Rc 132H
golden star,Undefined
NSIC Rc 282 ( Sahod Ulan 7 ),NSIC Rc 282
SL-8H/HABILIS,NSIC Rc 132H
79,NSIC Rc 322H
1,Undefined
s6000,NSIC Rc 376H
phb 85,NSIC Rc 664H
NSIC Rc 328 ( Salinas 12 ),NSIC Rc 328
PSB Rc 22 ( Liliw ),PSB Rc 22
CS,Undefined
Dinorado,Undefined
sl19h,NSIC Rc 488H
SL 19,NSIC Rc 488H
ph79,NSIC Rc 322H
NSIC RC,Undefined
Longping 2096,NSIC Rc 404H
jackpot,NSIC Rc 666H
longping,NSIC Rc 404H
SL 20,NSIC Rc 540H
NSIC Rc 614H ( Mestiso 106 ),NSIC Rc 614H
Rc 216,NSIC Rc 216
POCPOCIO,Undefined
NSIC Rc 154 ( Tubigan 11 ),NSIC Rc 154
"BATARI, LP937",NSIC Rc 406H
NSI CRc 442,NSIC Rc 442
Pioneer,NSIC Rc 322H
RED RICE,NSIC Rc 508
NSIC Rc 296 ( Salinas 9 ),NSIC Rc 296
PSB Rc 72H ( Mestizo 1 ),PSB Rc 72H
MR,Undefined
Rc10,PSB Rc 10
560,NSIC Rc 570
R15,NSIC Rc 15
NSIC Rc 310H ( Mestiso 44 ),NSIC Rc 310H
CS10,PSB Rc 10
S60030,NSIC Rc 376H
rfc 222,NSIC Rc 222
RC512,NSIC Rc 512
510,NSIC Rc 510
hy,Undefined
SINANDOMENG,Undefined
Syngante,NSIC Rc 362H
nk2017,NSIC Rc 234H
NSIC Rc 378H ( Mestiso 60 ),NSIC Rc 378H
"batari, habilis",NSIC Rc 406H
phb82,TH-82
begante,NSIC Rc 314H
52,PSB Rc 52
RC400,NSIC Rc 400
NSIC Rc 544H ( Mestiso 99 ),NSIC Rc 544H
NSIC Rc 254H ( Mestiso 34 ),NSIC Rc 254H
"SL8,LP",NSIC Rc 132H
PH73,NSIC Rc 176H
BUGANTE,NSIC Rc 314H
RC10,PSB Rc 10
USS,NSIC Rc 236H
NSIC Rc 424 ( Sahod Ulan 17 ),NSIC Rc 424
NSIC Rc 194 ( Submarino 1 ),NSIC Rc 194
RC 100,NSIC Rc 110
GSR48,NSIC Rc 480
R9,Undefined
NSIC Rc 230H ( Mestiso 25 ),NSIC Rc 230H
R12,NSIC Rc 174H
DHB77,NSIC Rc 492H
s6003,NSIC Rc 376H
phb73,NSIC Rc 176H
0RC512,NSIC Rc 512
RC 442,NSIC Rc 442
PHB 85,NSIC Rc 664H
Rc 402,NSIC Rc 402
140,NSIC Rc 140
m3,Undefined
332,NSIC Rc 332
TH 82,TH-82
QUADRO ALAS,Quadro Alas
NSIC512,NSIC Rc 512
58,PSB Rc 58
C 18,Undefined
sl8H,NSIC Rc 132H
nk512,NSIC Rc 234H
460,NSIC Rc 460
RC 436,NSIC Rc 436
222/NK5017,NSIC Rc 222
NSIC Rc 252H ( Mestiso 33 ),NSIC Rc 252H
canora,Undefined
666,NSIC Rc 666H
sl8h/habilis,NSIC Rc 132H
Rc 82,PSB Rc 82
NSIC Rc 144,NSIC Rc 144
NSIC RC488H,NSIC Rc 488H
rc406,NSIC Rc 406H
rc 512,NSIC Rc 512
PSB Rc 32 ( Jaro ),PSB Rc 32
HY,Undefined
5.6,Undefined
syngenta,NSIC Rc 362H
Sl 19h,NSIC Rc 488H
dinorado,Undefined
inbreed,Undefined
Pecoda,Undefined
HANABIS,NSIC Rc 132H
C48,NSIC Rc 480
SL 19H,NSIC Rc 488H
NSIC Rc 276 ( Sahod Ulan 4 ),NSIC Rc 276
SYNOGENTA,Undefined
Rc18,PSB Rc 18
BURDAGOL,PSB Rc 34
rc82,PSB Rc 82
NSIC Rc 244H ( Mestiso 29 ),NSIC Rc 244H
LP 937/ 2096,NSIC Rc 456H
RC 506,NSIC Rc 506
Rc 2222,NSIC Rc 222
L 20,NSIC Rc 404H
NKS6003,NSIC Rc 376H
BATARI,NSIC Rc 406H
806,NSIC Rc 806H
PSB Rc 66 ( Agusan ),PSB Rc 66
0BEGANTE,NSIC Rc 314H
P-79,NSIC Rc 322H
513,Undefined
P70,Undefined
NSIC Rc 364H ( Mestiso 53 ),NSIC Rc 364H
432,NSIC Rc 442
0.95,Undefined
PSB Rc 30 ( Agus ),PSB Rc 30
TH84,TH-82
NSIC Rc 464 ( Salinas 22 ),NSIC Rc 464
NSIC Rc 488,NSIC Rc 488
Bulaw,Undefined
S1811,Undefined
long ping,NSIC Rc 404H
64,PSB Rc 64
Bigante  Plus,NSIC Rc 314H
NSIC Rc 598 ( Sahod Ulan 35 ),NSIC Rc 598
NSICRC222,NSIC Rc 222
RC420,NSIC Rc 420
NSIC Rc 548H ( Mestiso 101 ),NSIC Rc 548H
NK-5017,NSIC Rc 234H
DX,Undefined
R27,Undefined
sl-19,SL-19H
Nsic 436,NSIC Rc 436
0NSICRC222,NSIC Rc 222
GSR12,NSIC Rc 480
NSIN RC222,NSIC Rc 222
222/216,NSIC Rc 222
NSIC Rc 218,NSIC Rc 218SR
0SL8H,NSIC Rc 132H
LPL 2096,NSIC Rc 404H
USS88,NSIC Rc 236H
2000,Undefined
lp 937,NSIC Rc 456H
NK 50170,NSIC Rc 234H
NSIC RC 506,NSIC Rc 506
0PIONEER,NSIC Rc 492H
NSIC Rc 246H ( Mestiso 30 ),NSIC Rc 246H
380,NSIC Rc 480
SL19 H,NSIC Rc 488H
NSIC Rc 318H ( Mestiso 48 ),NSIC Rc 318H
s6003/nk5017,NSIC Rc 376H
phb85,NSIC Rc 664H
Lp,NSIC Rc 404H
NSIC Rc 386H ( Mestiso  64 ),NSIC Rc 386H
Rc 218,NSIC Rc 218SR
215,Undefined
sygon,Undefined
phb,NSIC Rc 176H
SL,Undefined
Rc218,NSIC Rc 218SR
NSIC Rc 452H ( Mestiso 76 ),NSIC Rc 452H
rc508,NSIC Rc 508
NSIC Rc 586H ( Mestiso 104 ),NSIC Rc 586H
0bigante,NSIC Rc 314H
Rc 436,NSIC Rc 436
th82,TH-82
NSIC RC 438,NSIC Rc 438
RC 534,NSIC Rc 534
BATAR,NSIC Rc 406H
606,NSIC Rc 606
rv 222,NSIC Rc 222
NSIC Rc 636 ( Tubigan 55 ),NSIC Rc 636
NSIC Rc 444H ( Mestiso 72 ),NSIC Rc 444H
NATIVE MARIA,Undefined
NSIC Rc 632 ( Tubigan 53 ),NSIC Rc 632
NSIC Rc 478 ( Sahod Ulan 25 ),NSIC Rc 478
SL39,NSIC Rc 488H
NSIC Rc 288 ( Sahod Ulan 10 ),NSIC Rc 288
bulaw,Undefined
RC218,NSIC Rc 218SR
POCPOCLO,Undefined
PL937,NSIC Rc 456H
NSIC Rc 172 ( MS 13 ),NSIC Rc 172
T2,Undefined
HSS,Undefined
longping 2096,NSIC Rc 404H
rc 2222,NSIC Rc 222
NSIC Rc 538H ( Mestiso 96 ),NSIC Rc 538H
LONGPING2096,NSIC Rc 404H
Native,Undefined
NSIC Rc 442,NSIC Rc 442
nk5070,NSIC Rc 234H
NKS60031,NSIC Rc 376H
308,NSIC Rc 308
budo24,Undefined
TB,Undefined
Mestiso 19,NSIC Rc 202H
PHB79/SL-8,NSIC Rc 322H
BIGANTR,NSIC Rc 314H
nsic rc 222,NSIC Rc 222
98,NSIC Rc 542H
s;l-8h,NSIC Rc 132H
74,PSB Rc 74
BIORice,NSIC Rc 522H
AZ 8433,Arize AZ 8433 DT
U888,NSIC Rc 236H
L02096,NSIC Rc 404H
rc10,PSB Rc 10
rc 402,NSIC Rc 402
DIAMOND X,Undefined
Rc436,NSIC Rc 436
Singenta,Undefined
PSB Rc 2 ( Nahalin ),PSB Rc 2
216 / 512,NSIC Rc 216
sl18h,SL-18H
NSIC Rc 366H ( Mestiso 54 ),NSIC Rc 366H
phb77,NSIC Rc 492H
516,Undefined
NSIC Rc 470 ( Salinas 25 ),NSIC Rc 470
LONGPING.5,NSIC Rc 486H
PSB Rc10,PSB Rc 10
NK2017,NSIC Rc 234H
SL68,NSIC Rc 132H
NSIC Rc 526H ( Mestiso 95 ),NSIC Rc 526H
TALIWAW,Undefined
NSIC Rc 620H ( Mestiso 109 ),NSIC Rc 620H
132H,NSIC Rc 132H
NSIC Rc 640,NSIC Rc 640
angelica,Undefined
Lp 937,NSIC Rc 456H
NSIC Rc222,NSIC Rc 222
SL-20H,NSIC Rc 540H
LAV777,LAV 777
258,Undefined
0RC 222,NSIC Rc 222
BATAN,NSIC Rc 406H
PIONEER 21,Undefined
46,NSIC Rc 314H
rc 46,NSIC Rc 460
phb45,NSIC Rc 664H
NSIC Rc 18,PSB Rc 18
Rc 441,NSIC Rc 442
RC100,NSIC Rc 546H
redrice,NSIC Rc 508
SP,Undefined
NSIC Rc 432H ( Mestiso 71 ),NSIC Rc 432H
SL8HY,NSIC Rc 132H
"NK5017, HABILIS",NSIC Rc 234H
NSIC Rc 398 ( Tubigan 34 ),NSIC Rc 398
S12,NSIC Rc 328
NSIC Rc 680 ( Tubigan 61 ),NSIC Rc 680
SL8h,NSIC Rc 132H
M 20H,Undefined
NIC,Undefined
555,Undefined
LP 957,NSIC Rc 456H
55,Undefined
NSIC Rc 242SR ( Japonica 2 ),NSIC Rc 242SR
SL 7,Undefined
420,NSIC Rc 420
56,Undefined
NK507,NSIC Rc 234H
CS222,NSIC Rc 222
Pacorsa,Undefined
Binalaw,Undefined
SL A9,Undefined
Sl20,NSIC Rc 540H
uss 88,NSIC Rc 236H
AZ7888,NSIC Rc 236H
C-18,Undefined
NSIC Rc160,NSIC Rc 160
1517,NSIC Rc 234H
NSIC Rc 388H ( Mestiso  65 ),NSIC Rc 388H
LONGPING 2096,NSIC Rc 404H
phb 87,PHB87
v,Undefined
NK 6410,NSIC Rc 234H
0phb82,PHB83
NSIC RC 488H,NSIC RC 488H
NSIC Rc 382H ( Mestiso  62 ),NSIC Rc 382H
NSIC Rc 138,NSIC Rc 138
GRS12,NSIC Rc 480
blonde,Undefined
PHB34/SL20H,SL-20H
S219,NSIC Rc 488H
"HABILIS, NK5017",NSIC Rc 410H
2093,NSIC Rc 404H
14,NSIC Rc 140
0BIG,NSIC Rc 314H
slh8,NSIC Rc 132H
NSIC Rc 612 ( Salinas 38 ),NSIC Rc 612
105,Undefined
0.9,Undefined
0rc222,NSIC Rc 222
NSIC Rc 292 ( Salinas 7 ),NSIC Rc 292
SL-8H/LP 2096,NSIC Rc 132H
NSIC Rc 160,NSIC Rc 160
0RC216,NSIC Rc 216
Katose,Undefined
3.54,NSIC Rc 354
NSIC Rc 334 ( Salinas 15 ),NSIC Rc 334
NSIC Rc 668H ( Mestiso 118 ),NSIC Rc 668H
TAIWAN,Undefined
RED,Undefined
PH377,PHB77
Rc508,NSIC Rc 508
bioseeds,NSIC Rc 372H
NSIC Rc 448H ( Mestiso 74 ),NSIC Rc 448H
CANORA,Undefined
SLS-8,NSIC Rc 132H
Sl-8h,NSIC Rc 132H
2166,NSIC Rc 216
rc516,NSIC Rc 536
Farmers Seed,Undefined
BATUNI BIGANTE,NSIC Rc 314H
NK50170,NSIC Rc 234H
Mestizo 19,NSIC Rc 202H
0BIGANTE,NSIC Rc 314H
N,Undefined
Rc 160,NSIC Rc 160
AZ888,NSIC Rc 494H
sl,Undefined
Lp 2096,NSIC Rc 404H
"PJ7, RC222",NSIC Rc 222
RC532,NSIC Rc 532
rc 214,NSIC Rc 214
66,Undefined
lonping,NSIC Rc 384H
PIONEER 73,NSIC Rc 322H
NSIC RC 222,NSIC Rc 222
AZ 7888,NSIC Rc 494H
dinurado,Undefined
0LP 2096,NSIC Rc 404H
LP 9016,NSIC Rc 404H
224,NSIC Rc 224
C 218,NSIC Rc 218SR
LP[,NSIC Rc 384H
SLB H,NSIC Rc 132H
LP936,NSIC Rc 456H
Rc 572,NSIC Rc 572
buigante,NSIC Rc 314H
us 88,NSIC Rc 236H
PHB 77,NSIC Rc 492H
longping 937,NSIC Rc 456H
MATARI,NSIC Rc 406H
Bio-rice,Undefined
batari/nk5017,NSIC Rc 406H
2118,NSIC Rc 218SR
m20,NSIC Rc 204H
"S6003, SL 8H, NK",NSIC Rc 376H
rc128,NSIC Rc 128
rc29,NSIC Rc 29
PHP,Undefined
MESTIZO,Undefined
BHB77,NSIC Rc 492H
Sigenta,Undefined
rc7216,NSIC Rc 216
BATAKI,NSIC Rc 406H
NSIC Rc 588H ( Mestiso 105 ),NSIC Rc 588H
LongPing2096,NSIC Rc 404H
0SL 8H,NSIC Rc 132H
KN 17,NSIC Rc 234H
NSIC Rc 476 ( Sahod Ulan 24 ),NSIC Rc 476
Sl19h,NSIC Rc 488H
"SL8H, NK5017",NSIC Rc 132H
LP2026,NSIC Rc 404H
C1,Undefined
nk 5071,NSIC Rc 234H
"NK, LP",NSIC Rc 234H
SL8/BIGANTE,NSIC Rc 132H
0PHB79,NSIC Rc 322H
FARMERS SEED,Undefined
NSIC RC 512,NSIC Rc 512
MILAGROSA,Undefined
521,NSIC Rc 512
Milagrosa,Undefined
26,NSIC Rc 308
Th 82,TH-82
Th82,TH-82
J12,Undefined
CAMERVIC,Undefined
NSIC Rc 332 ( Salinas 14 ),NSIC Rc 332
PSB Rc 26H ( Magat ),PSB Rc 26H
Bulao,Undefined
NSIC Rc 414SR ( Japonica 4 ),NSIC Rc 414SR
430,NSIC Rc 430
"HABILIS, BIGANTE",NSIC Rc 410H
NSIC 2015 Rc 408H,NSIC Rc 408H
NSIC Rc 520H ( Mestiso 92 ),NSIC Rc 520H
NSIC Rc 530 ( Salinas 27 ),NSIC Rc 530
diamond,Undefined
537,Undefined
RC 82,PSB Rc 82
Bio453,NSIC Rc 522H
rc512,NSIC Rc 512
RC534,NSIC Rc 534
PSB Rc 10,PSB Rc 10
50,NSIC Rc 322H
rc28,PSB Rc 28
phb78,PHB87
US 88/ NK 5017,NSIC Rc 236H
pj34,Undefined
OTHER,Undefined
Rc152,NSIC Rc 152
Rc20,PSB Rc 20
16,Undefined
RTC 442,NSIC Rc 442
NSIC Rc 642SR ( Pigmented 3 ),NSIC Rc 642SR
0s6003,NSIC Rc 376H
LS88,NSIC Rc 236H
Nsic Rc 508,NSIC Rc 508
GIGANTE BATARI,NSIC Rc 314H
arpani,Undefined
ph82,Undefined
NK5070,NSIC Rc 234H
NSIC Rc 368H ( Mestiso 55 ),NSIC Rc 368H
NSIC RC436,NSIC Rc 436
Longping 937,NSIC Rc 456H
Denorado,Undefined
0LP397,NSIC Rc 456H
120,NSIC Rc 120
LP2056,NSIC Rc 404H
Rc 506,NSIC Rc 506
rc 436,NSIC Rc 436
RC 480,NSIC Rc 480
RC27,NSIC Rc 27
DINORADOS,Undefined
LP-534,NSIC Rc 486H
bUHAY,Undefined
Nsic 508,NSIC Rc 508
sl 19,NSIC Rc 488H
NSIC Rc442,NSIC Rc 442
NSIC Rc 572 ( Sahod Ulan 28 ),NSIC Rc 572
0RC400,NSIC Rc 400
SL 20H,NSIC Rc 540H
Bibante plus,NSIC Rc 314H
rc 438,NSIC Rc 438
428,NSIC Rc 428
NSIC Rc 142,NSIC Rc 142
BULAN,Undefined
SL3,Undefined
SL18,SL-18H
RC 128,NSIC Rc 128
0LP2096,NSIC Rc 404H
NSIC Rc 618H ( Mestiso 108 ),NSIC Rc 618H
lp97,NSIC Rc 456H
NSIC RC 510,NSIC Rc 510
MINDANAO,Undefined
NSIC Rc 266H ( Mestiso 40 ),NSIC Rc 266H
Kaliga,Undefined
RC5212,NSIC Rc 512
nsic rc 508,NSIC Rc 508
Rc 308,NSIC Rc 308
488H,NSIC Rc 488H
NK250,NSIC Rc 234H
NSIC 132H,NSIC Rc 132H
LongPing,NSIC Rc 404H
BIGANTES,NSIC Rc 314H
Begantw,NSIC Rc 314H
sl8h0,NSIC Rc 132H
glutarinos,Undefined
rc160,NSIC Rc 160
P8B96,Undefined
lp534/nk5017,NSIC Rc 486H
SL 18H,SL-18H
Biomile,Undefined
T9,Undefined
RC122,NSIC Rc 122
NSIC Rc 506,NSIC Rc 506
PH79,NSIC Rc 322H
6008,NSIC Rc 376H
LONGPINE,NSIC Rc 384H
NSIC Rc 25 ( Katihan 2 ),NSIC Rc 25
bigante Plus,NSIC Rc 314H
GSR15,NSIC Rc 480
G1,Undefined
katago,Undefined
NSIC Rc 662H ( Mestiso 115 ),NSIC Rc 662H
Phb 79,NSIC Rc 322H
RC 432,Undefined
RC438,NSIC Rc 438
LP96,NSIC Rc 404H
rc480,NSIC Rc 480
NSIC Rc 198H ( Mestiso 17 ),NSIC Rc 198H
NSIC Rc 558 ( Salinas 33 ),NSIC Rc 558
NSIC Rc 31SR ( Malagkit 6 ),NSIC Rc 31SR
P937,NSIC Rc 456H
NKS60003,NSIC Rc 376H
NSIC RC 160,NSIC Rc 160
423,Undefined
0NK 5017,NSIC Rc 234H
MALANTAW,Undefined
L640,Undefined
216/222,NSIC Rc 216
536,NSIC Rc 536
PHB850,NSIC Rc 664H
66 Pula,Undefined
SUPER HYBRID,Undefined
RedRice,NSIC Rc 508
NSIC Rc 362H ( Mestiso 52 ),NSIC Rc 362H
"SL8H,NK5017,LP",NSIC Rc 132H
ADVANTA,Undefined
UPL,Undefined
Rc 841,Undefined
RC502,Undefined
PIONEEER,NSIC Rc 588H
habiles,NSIC Rc 410H
RC 2222,NSIC Rc 222
R5,Undefined
NSIC Rc 130,NSIC Rc 130
SPX,Undefined
Ind,Undefined
Lp534,NSIC Rc 486H
PHB 73,NSIC Rc 176H
Puwa,Undefined
BIORICE 453,NSIC Rc 522H
NSIC Rc 468 ( Salinas 24 ),NSIC Rc 468
SL90,Undefined
Rc216,NSIC Rc 216
SL003,NSIC Rc 376H
"PHB79, BATURI",NSIC Rc 322H
1.3,Undefined
p79,NSIC Rc 322H
"LP2096, LP20534",NSIC Rc 404H
480.28,Undefined
39,Undefined
rC 18,PSB Rc 18
rc 480,NSIC Rc 480
SL-8H.NK 5017,NSIC Rc 132H
Rc440,NSIC Rc 440
"NK, 222",NSIC Rc 234H
TH80,Undefined
Nk,NSIC Rc 234H
upland,Undefined
640,NSIC Rc 640SR
333,Undefined
Rc123,Undefined
lav 777,LAV 777
RCEF,Undefined
USBB,NSIC Rc 236H
B8gante,NSIC Rc 314H
PH1382,Undefined
0.79,Undefined
3600,Undefined
NSIC RC 402,NSIC Rc 402
phb b79,NSIC Rc 322H
PHH79,NSIC Rc 322H
nigante,NSIC Rc 314H
Pioneer79,NSIC Rc 322H
NSIC Rc 206H,NSIC Rc 206H
184,NSIC Rc 184
RC 16,NSIC Rc 160
Sl19,NSIC Rc 488H
syngeta,Undefined
LONGPING 937,NSIC Rc 456H
pink rice,Undefined
batari,NSIC Rc 406H
BIGATE,NSIC Rc 314H
NK50A,NSIC Rc 234H
Lp2096,NSIC Rc 404H
320,Undefined
RED MARIA,Undefined
"SL8,222",NSIC Rc 132H
OTHERS,Undefined
THUNDER,Undefined
422,NSIC Rc 422
lp/ sl19,NSIC Rc 384H
0.3,Undefined
5603,Undefined
"NK5017, S6003, PHB79",NSIC Rc 234H
POKLO,Undefined
622,NSIC Rc 622
P46,Undefined
Us88,NSIC Rc 236H
XL20,Undefined
15,Undefined
"BATARI, HABILIS",NSIC Rc 406H
bigante plus,NSIC Rc 314H
PSB Rc 6 ( Carranglan ),PSB Rc 6
Damgang,Undefined
hybred,Undefined
132,NSIC Rc 132H
114,Undefined
Psb Rc 18,PSB Rc 18
504,Undefined
PHB74,Undefined
RC403,Undefined
Maharlika,Undefined
M 20,Undefined
GRS15,NSIC Rc 480
Habilis Plus,NSIC Rc 410H
BIG,NSIC Rc 314H
2,PSB Rc 2
Pocpoclo,Undefined
SL8A,NSIC Rc 132H
S6003 NK5017,NSIC Rc 376H
Nsic 2016,NSIC Rc 216
38874,Undefined
EC 222,NSIC Rc 222
426,NSIC Rc 426
L2096,NSIC Rc 404H
Nk 5017,NSIC Rc 234H
Sygenta,Undefined
Q.ALAS,Quadro Alas
LongPing 2096,NSIC Rc 404H
RC 218,NSIC Rc 218SR
RC116,Undefined
redrive,Undefined
"RC222, SL-8H",NSIC Rc 222
NSIC Rc 394 ( Tubigan 32 ),NSIC Rc 394
Ingpin,NSIC Rc 384H
137,Undefined
"nk5017, habilis",NSIC Rc 234H
nsic rc 480,NSIC RC 480
Rc128,NSIC Rc 128
bundagol,PSB Rc 34
LP973,NSIC Rc 456H
DIAMANTE,Undefined
SG003,NSIC Rc 376H
LP537,NSIC Rc 456H
HP,Undefined
NSIC 488H,NSIC 488H
nikita,Undefined
3,Undefined
Psb Rc18,PSB Rc 18
LP/ SL 8H/ NK 5017,NSIC Rc 384H
0RC442,NSIC Rc 442
BIO PLUS,Undefined
PSB RC 34,PSB Rc 34
BIGANTE BATARI,NSIC Rc 314H
"BIGANTE, HABILIS",NSIC Rc 314H
GOLDENRICE,Undefined
NSIC Rc22,NSIC Rc 222
300,NSIC Rc 300
TH85,Undefined
"BATARI, BIGANTE",NSIC Rc 406H
RC208,Undefined
DIAMOND,Undefined
"HABI;I, PHB79",NSIC Rc 410H
rc358,NSIC Rc 358
RC 46,NSIC Rc 460
NK S6003,NSIC Rc 234H
RC408,Undefined
BIGABTE,NSIC Rc 314H
double diamond,Undefined
0S6003,NSIC Rc 376H
NSIC Rc 638SR ( Pigmented 1 ),NSIC Rc 638SR
sl 20h,NSIC Rc 540H
palawan,Undefined
NSIC Rc 370H ( Mestiso 56 ),NSIC Rc 370H
404,Undefined
LP205,NSIC Rc 412H
NSIC Rc 660H ( Mestiso 114 ),NSIC Rc 660H
LP PHB79,NSIC Rc 322H
NK8H,NSIC Rc 234H
RC37,Undefined
BLACKRICE,Undefined
0SL8,NSIC Rc 132H
21,NSIC Rc 21SR
216/480,NSIC Rc 216
nk5051,NSIC Rc 234H
TH-82,TH-82
RC401,Undefined
rc 160,NSIC Rc 160
RC42,NSIC Rc 420
156,NSIC Rc 156
1.2,Undefined
PHB70,Undefined
Az 7888,NSIC Rc 494H
phb 72,Undefined
Kupo-Kupo,Undefined
LP 1096,NSIC Rc 404H
PHB770,NSIC Rc 492H
0NSIC RC 222,NSIC Rc 222
NSIC Rc 684 ( Zinc Rice 3 ),NSIC Rc 684
JACKPOT102,NSIC Rc 666H
NSIC Rc 294 ( Salinas 8 ),NSIC Rc 294
PHBB73,NSIC Rc 176H
458,NSIC Rc 458H
221,Undefined
69,NSIC Rc 410H
IBGANTE,NSIC Rc 314H
mestizo,Undefined
NL5017,NSIC Rc 234H
BIGAANTE,NSIC Rc 314H
R16,NSIC Rc 160
NSIC Rc 118,NSIC Rc 118
Lonping,NSIC Rc 384H
S26,Undefined
pioneer 79,NSIC Rc 322H
NSIC 400,NSIC Rc 400
NSIC Rc 624 ( Tubigan 49 ),NSIC Rc 624
rc502,Undefined
NSIC46,NSIC Rc 314H
242,NSIC Rc 242SR
lp 534,NSIC Rc 534
c10,PSB Rc 10
"BATARI, SL-8H",NSIC Rc 406H
NSIC Rc10,Undefined
BIGANTEPLUS,NSIC Rc 314H
rc 400,NSIC Rc 400
4.2,Undefined
RCC 218,NSIC Rc 218SR
158,NSIC Rc 158
NISC Rc216,NSIC Rc 216
SL 8,NSIC Rc 132H
UL88,NSIC Rc 236H
TIMBI,Undefined
Rrc 300,NSIC Rc 300
GSR16,NSIC Rc 480
psb96,Undefined
PSB Rc 8,PSB Rc 8
G350,NSIC Rc 350H
S603,NSIC Rc 376H
p,Undefined
4800,NSIC Rc 480
4554,NSIC Rc 454H
FARMNERS SEED,Undefined
NSIC Rc 326 ( Salinas 11 ),NSIC Rc 326
0PHB85,NSIC Rc 664H
NSIC RC512,NSIC Rc 512
KASAKAS,Undefined
DOUBLE D,Undefined
4402,NSIC Rc 440
NSIC RC 216,NSIC Rc 216
RC463,NSIC Rc 462
Palaawan 64,Undefined
LongPing 534,NSIC Rc 486H
Rc  18,PSB Rc 18
NSIC222/LP,NSIC Rc 222
B-PLUS,Undefined
RC 84,Undefined
RC 215,Undefined
48,NSIC Rc 318H
durado,Undefined
bp,Undefined
Nk5015,NSIC Rc 234H
RC 400,NSIC Rc 400
Nsic Rc222,NSIC Rc 222
IN,Undefined
NK511,NSIC Rc 234H
RC 216,NSIC Rc 216
LP937/2096,NSIC Rc 456H
NSIC Rc 576 ( Sahod Ulan 30 ),NSIC Rc 576
NSIC 508,NSIC Rc 508
902,Undefined
Nsic508,NSIC Rc 508
MASIPAG,Undefined
Rc 404H,NSIC Rc 404H
TH,Undefined
"SL8,NK",NSIC Rc 132H
NSIC Rc 264H ( Mestiso 39 ),NSIC Rc 264H
biagnte,NSIC Rc 314H
gsr15,NSIC Rc 480
226/nk 5017,NSIC Rc 226
Lp 2096/phb 79,NSIC Rc 404H
BATUKI,NSIC Rc 406H
"BIGANTE, BATARI",NSIC Rc 314H
NSIC Rc 484SR ( Japonica 6 ),NSIC Rc 484SR
BROWN,Undefined
SL2096,NSIC Rc 404H
0PHB 79,NSIC Rc 322H
NSIC Rc 278 ( Sahod Ulan 5 ),NSIC Rc 278
SNK5017,NSIC Rc 234H
501,Undefined
456H,NSIC Rc 456H
BATARI/NK 5017,NSIC Rc 406H
IL 29,NSIC Rc 404H
56003,NSIC Rc 376H
Rc534,NSIC Rc 534
100,Undefined
Thunder,Undefined
NK/222,NSIC Rc 222
RC 438,NSIC Rc 438
"SL 8H, BIGANTE PLUS",NSIC Rc 132H
"HABILIS, BATARI",NSIC Rc 410H
Phb 77,NSIC Rc 492H
rc218,NSIC Rc 218SR
936,Undefined
s219,NSIC Rc 488H
0SL 20,NSIC Rc 540H
andani,Undefined
Rc 438,NSIC Rc 438
NK  5017,NSIC Rc 234H
NK 51017,NSIC Rc 234H
rc400,NSIC Rc 400
NIS5017,NSIC Rc 234H
sl18,SL-18H
NK5012,NSIC Rc 234H
0habilis/nk5017,NSIC Rc 410H
NK517/PIONEER,NSIC Rc 234H
nsic 436,NSIC Rc 436
19,Undefined
Bigante Plus & PHB79,NSIC Rc 314H
PLP534,NSIC Rc 486H
GLOBAL 350,Undefined
BATURI,NSIC Rc 406H
rc215,Undefined
LP0,NSIC Rc 384H
LP 937/2096,NSIC Rc 456H
nj5017,NSIC Rc 234H
Nsic 222,NSIC Rc 222
RC 640,NSIC Rc 640SR
mestizo 19,NSIC Rc 202H
HB,Undefined
Taiwan,Undefined
RC22,PSB Rc 22
QUadro Alas,Quadro Alas
0PHB77,NSIC Rc 492H
NSIC Rc436,NSIC Rc 436
THB2,TH-82
bio seed,Undefined
59,Undefined
2220,NSIC Rc 222
RC518,Undefined
R40,NSIC Rc 400
BIOTIN,Undefined
NR,Undefined
LPA37,NSIC Rc 456H
PH 79,NSIC Rc 322H
0batari,NSIC Rc 406H
VK5017,NSIC Rc 234H
PHB790,NSIC Rc 322H
rc438,NSIC Rc 438
LB,Undefined
NSICRC512,NSIC Rc 512
rc 222i,NSIC Rc 222
Phb,NSIC Rc 176H
SL 8h,NSIC Rc 132H
P73,NSIC Rc 176H
123,Undefined
RC 415,NSIC Rc 416
OHB79,NSIC Rc 322H
NSIC401,NSIC Rc 402
NSIC 222,NSIC Rc 222
nsic rc 436,NSIC Rc 436
0RC402,NSIC Rc 402
RC 422,NSIC Rc 422
SL  8H,NSIC Rc 132H
176H,NSIC Rc 176H
NSIC Rc 634 ( Tubigan 54 ),NSIC Rc 634
rc408,Undefined
S34,Undefined
SL-8H/LP2096,NSIC Rc 132H
KATAGO,Undefined
rC442,NSIC Rc 442
65,NSIC Rc 388H
28,Undefined
rc56,PSB Rc 56
NSIC Rc 626 ( Tubigan 50 ),NSIC Rc 626
0.54,Undefined
Bio rice,Undefined
236,Undefined
LP2016,NSIC Rc 404H
Mestizo 20H,NSIC Rc 204H
Katago,Undefined
NSIC Rc506,NSIC Rc 506
Miracle,Undefined
bigantew,NSIC Rc 314H
HB79,NSIC Rc 322H
"SL8H, LP 2096",NSIC Rc 132H
PSB Rc18,PSB Rc 18
PHB97,NSIC Rc 322H
PU-PUMO,Undefined
RC45,Undefined
rc 120,NSIC Rc 120
IR56,Undefined
taiwan,Undefined
LP-937,NSIC Rc 456H
NSIC RC480,NSIC Rc 480
Biagnte,NSIC Rc 314H
BLACK RICE,Undefined
SL -8H,NSIC Rc 132H
214,NSIC Rc 214
r12,NSIC Rc 174H
0HABILIS,NSIC Rc 410H
RS,Undefined
C15,Undefined
Sl8u,NSIC Rc 132H
HYBRID,Undefined
RC300,NSIC Rc 300
LONG PIN,NSIC Rc 404H
RC 543,NSIC Rc 534
Bigqnte,NSIC Rc 314H
0syngenta,Undefined
NSIC222,NSIC Rc 222
LONGPIN 2096,NSIC Rc 404H
Ba5ari,NSIC Rc 406H
BIASCAO,Undefined
syngante,NSIC Rc 362H
Rc506,NSIC Rc 506
BULAWAN,Undefined
176,Undefined
GRS 12,NSIC Rc 480
75,Undefined
Red18,Undefined
0nk5017/s6003,NSIC Rc 234H
"Bigante Plus, PHB79",NSIC Rc 314H
RC402/RC222,NSIC Rc 402
202,Undefined
BUNGKITAN,Undefined
SLS8,NSIC Rc 132H
Rc438,NSIC Rc 438
rc100,NSIC Rc 546H
IR73885-1-4-3-2-1-6,IR73885-1-4-3-2-1-6
Phb-79,NSIC Rc 322H
Batari Indra,NSIC Rc 406H
Misola,Undefined
260,Undefined
BIO RICE,Undefined
L 8H,NSIC Rc 132H
US8,NSIC Rc 236H
514,NSIC Rc 514
S6003/222,NSIC Rc 376H
OSB Rc10,PSB Rc 10
in,Undefined
PH379,NSIC Rc 322H
nk507,NSIC Rc 234H
BPI 76,Undefined
PHB 798,NSIC Rc 322H
BGANTE,NSIC Rc 314H
BINORADO,Undefined
RC46,NSIC Rc 460
nk5017/lp2096,NSIC Rc 234H
RC5,Undefined
0.75,Undefined
LP512,NSIC Rc 486H
puwa,Undefined
big,NSIC Rc 314H
"NK,480,222",NSIC Rc 480
SH,Undefined
Bro seeds,Undefined
rc2 22,NSIC Rc 222
540H,NSIC Rc 540H
NK 17,NSIC Rc 234H
Rc 156,NSIC Rc 156
92,Undefined
CS 8H,NSIC Rc 132H
s-8h,NSIC Rc 132H
T 2,TH-82
RCM3,Undefined
BIO453,NSIC Rc 522H
PHB-79,NSIC Rc 322H
"BATARI, BIGANTE, HABILIS",NSIC Rc 406H
B+,Undefined
SYGATA,Undefined
LP 936,NSIC Rc 456H
180,Undefined
49,Undefined
PINOEER,Undefined
130,Undefined
434,Undefined
br,Undefined
HYNRID,Undefined
777,Undefined
RC516,NSIC Rc 536
Katiban,Undefined
Taiwa,Undefined
RC48,Undefined
222/LP,Undefined
Golden Rice,Undefined
SYGENTA,Undefined
LP932,NSIC Rc 456H
BIBIGANTE,NSIC Rc 314H
5057,NSIC Rc 234H
nk5017/bigante,NSIC Rc 234H
Phh79,NSIC Rc 322H
sl20h,NSIC Rc 540H
GOLDEN RICE,Undefined
SL-8H/NK 5017,NSIC Rc 132H
Red turner,Undefined
528,NSIC Rc 528
0.7,Undefined
NSIC132H,NSIC Rc 132H
PSB Rc 52,PSB Rc 52
PACOSA,Undefined
NSIC Rc 268H ( Mestiso 41 ),NSIC Rc 268H
NK 501,NSIC Rc 234H
GS16,Undefined
Red Rice,NSIC Rc 508
SL-9H,NSIC Rc 132H
PHB7,NSIC Rc 492H
238,NSIC Rc 238
RAC,Undefined
Rc 220,NSIC Rc 220SR
habilis/nk5017,NSIC Rc 410H
NSIC Rc 150,NSIC Rc 150
BIgante,NSIC Rc 314H
Lp937,NSIC Rc 456H
560B,Undefined
BIGANTE  PLUS,NSIC Rc 314H
SL-8h,NSIC Rc 132H
black rice,Undefined
Rc 27,Undefined
NSIC RC222,NSIC Rc 222
NSIC Rc 552H ( Mestiso 103 ),NSIC Rc 552H
0longping,NSIC Rc 404H
NSICRc160,NSIC Rc 160
NSIC 2016 Rc 432H,NSIC Rc 432H
SL8 H,NSIC Rc 132H
0T2,Undefined
HABIBIS,NSIC Rc 410H
NSIC Rc480,NSIC Rc 480
"LP, PHB79",NSIC Rc 404H
111,Undefined
S18H,NSIC Rc 132H
LUMPING 2096,NSIC Rc 404H
RC538,NSIC Rc 528
RC 22,NSIC Rc 222
BIGANT,NSIC Rc 314H
NSIC Rc 214,NSIC Rc 214
AZ278,NSIC Rc 494H
Phb 73,NSIC Rc 176H
2RC 2222,NSIC Rc 222
Bio seed,Undefined
Rc 226,NSIC Rc 226
A2788,NSIC Rc 494H
0phb79,NSIC Rc 322H
SL68H,NSIC Rc 132H
Nsic Rc512,NSIC Rc 512
45,Undefined
NSIC RC402,NSIC Rc 402
SL2,NSIC Rc 540H
0habilis,NSIC Rc 410H
2.25,Undefined
S 88,NSIC Rc 236H
PSB Rc 54,PSB Rc 54
ardani,Undefined
JAPONICA,Undefined
0INBREED,Undefined
"BATARI, NK5017",NSIC Rc 406H
IGANTE,NSIC Rc 314H
N/a,Undefined
Hablis,NSIC Rc 410H
LP437,NSIC Rc 456H
RC 403,Undefined
U85,NSIC Rc 664H
490H,NSIC Rc 490H
sl-8,SL-8
PH879,NSIC Rc 322H
5.81,Undefined
Bordagol,PSB Rc 34
lp937/batari,NSIC Rc 456H
Begante,NSIC Rc 314H
NSIC Rc 456H,NSIC Rc 456H
13,Undefined
p 79,NSIC Rc 322H
NK; 5017,NSIC Rc 234H
136,Undefined
SL.20,NSIC Rc 540H
Sl 19,NSIC Rc 488H
c 18,Undefined
R 12,Undefined
Byte,NSIC Rc 314H
HATAO,Hatao
NSIC RC 132H,NSIC Rc 132H
THS2,TH-82
LP1096,NSIC Rc 404H
LH937,NSIC Rc 456H
BIGANTRE,NSIC Rc 314H
522,Undefined
LP 937/ LP 2096,NSIC Rc 456H
begante Pplus,NSIC Rc 314H
ARDANI,Undefined
LP M2096,NSIC Rc 404H
PSB Rc 54 ( Abra ),PSB Rc 54
PSB Rc 4,PSB Rc 4
PSB Rc 28,PSB Rc 28
Hablisi,NSIC Rc 410H
482,NSIC Rc 482SR
NSIC Rc 584 ( Japonica 7 ),NSIC Rc 584
Bigante0,NSIC Rc 314H
gsr 12,NSIC Rc 480
223,Undefined
Rc 2,Undefined
7.1,Undefined
Rc506y,NSIC Rc 506
Camiguin,Undefined
RC 300,NSIC Rc 300
0.92,Undefined
1.1,Undefined
8160,Undefined
88,NSIC Rc 236H
Rc 300,NSIC Rc 300
BIOSEED 650,BIORICE 650 (BIOSEED)
rc120,NSIC Rc 120
4.5,Undefined
Gloutinous,Undefined
NSIC 2012 Rc 306H,NSIC Rc 306H
S6002,NSIC Rc 376H
BIOIRCE,Undefined
Panawag,Undefined
AZ788,NSIC Rc 494H
15.5,Undefined
NSISCRc160,NSIC Rc 160
MINDORO,Undefined
Rc510,NSIC Rc 510
PSB Rc 6,PSB Rc 6
SL300,Undefined
NSIC 2010 Rc 226,NSIC Rc 226
MAGNOLIA,Undefined
RC404,NSIC Rc 404H
LP737,NSIC Rc 456H
jockpot,NSIC Rc 666H
0.67,Undefined
578,NSIC Rc 578
SABLAY,Undefined
10003,NSIC Rc 376H
30,Undefined
Mestiso 22,NSIC Rc 208H
ec160,NSIC Rc 160
Rc360,NSIC Rc 360
V10,Undefined
red fice,Undefined
438/BOLAO,NSIC Rc 438
PSB Rc 30,PSB Rc 30
11,Undefined
SL 8 H,NSIC Rc 132H
60,Undefined
0bulao,Undefined
FHSS,Undefined
NSIC Rc 400,NSIC Rc 400
PSB Rc 20,PSB Rc 20
NSIC RC 534,NSIC Rc 534
PHB-73,NSIC Rc 176H
NSIC Rc 646SR ( Pigmented 5 ),NSIC Rc 646SR
TH88,TH-82
5.7,Undefined
polutan,Undefined
492,NSIC Rc 492H
[PIONEER,NSIC Rc 588H
japtree,NSIC Rc 666H
PSB Rc 66,PSB Rc 66
r122,NSIC Rc 122
SL9,NSIC Rc 132H
NSIC 2016 Rc 440,NSIC Rc 440
42,Undefined
6,Undefined
480/222,NSIC Rc 480
Bula0,Undefined
NSICRc402,NSIC Rc 402
0.8,Undefined
IR65,Undefined
LP206,NSIC Rc 404H
NSIC RC 502,NSIC Rc 502H
LAWIN,Undefined
t-2,TH-82
B IORICE,Undefined
2.5,Undefined
Rc5506,NSIC Rc 506
BIORCE,Undefined
TUMLAY,Undefined
th32,TH-82
2.77,Undefined
0.4,Undefined
SL 8-H,NSIC Rc 132H
Red28,Undefined
40,Undefined
SH6003,NSIC Rc 376H
NSIC 160,NSIC Rc 160
R.DANY,Undefined
435,Undefined
BIO 453,NSIC Rc 522H
Vietnam Rice,Undefined
1.9,Undefined
HK,Undefined
Glutinous,Undefined
rc1600,NSIC Rc 160
240,NSIC Rc 240
0.34,Undefined
168,NSIC Rc 168H
NSIC Rc 27,NSIC Rc 27
P85,NSIC Rc 664H
LF,NSIC Rc 404H
LP 205,NSIC Rc 412H
LP2091,NSIC Rc 404H
sangenta,Undefined
NSIC Rc-436,NSIC Rc 436
LD2096,NSIC Rc 404H
NSIC RC 514,NSIC Rc 514
BIORICE 650,BIORICE 650 (BIOSEED)
bio,Undefined
GLOUTINOUS,Undefined
BI 453,NSIC Rc 522H
LP957,NSIC Rc 456H
IR 58025A,Undefined
0.35,Undefined
MGO,Undefined
R 506,NSIC Rc 506
PSB Rc 12,PSB Rc 12
470,NSIC Rc 470
2.3,Undefined
VIETNAM,Undefined
3.5,Undefined
NSIC RC 404H,NSIC Rc 404H
AZ-7888,NSIC Rc 494H
5,Undefined
NIC5017,NSIC Rc 234H
ARIZE AZ8433,Arize AZ 8433 DT
SL 9H,NSIC Rc 132H
524,NSIC Rc 524H
NK/C18,NSIC Rc 524H
222/SL8H,NSIC Rc 222
NSIC 2012 Rc 300,NSIC Rc 300
Jasmin,Undefined
93,Undefined
RAMSEY,Undefined
206,NSIC Rc 206H
222/SL8H/PHB79,NSIC Rc 222
ARIZE,Undefined
RC666,NSIC Rc 666H
NSICRc 436,NSIC Rc 436
3003,Undefined
RC 777,Undefined
0RC506,NSIC Rc 506
PSB 77,NSIC Rc 492H
Rcc 222,NSIC Rc 222
7.5,Undefined
841,Undefined
sygenmta,Undefined
Glotinous,Undefined
SL8-H,NSIC Rc 132H
47,NSIC Rc 316H
NSIC RC132,NSIC Rc 132H
NSIC,Undefined
Rc490,NSIC Rc 490H
360,NSIC Rc 360
AZ88433,Arize AZ 8433 DT
T603,Undefined
NSIC 218,NSIC Rc 218SR
Aklan,PSB Rc 74
RAMET,Undefined
BIO650,BIORICE 650 (BIOSEED)
BBIORICE,Undefined
rc604,NSIC Rc 604
C4,Undefined
AZ-8433,Arize AZ 8433 DT
538,NSIC Rc 538H
BARAKO,Undefined
SL200,Undefined
Seventunnel,Undefined
sl-9,NSIC Rc 132H
Rc238,NSIC Rc 238
NSIC Rc 300,NSIC Rc 300
BIGANTA,NSIC Rc 314H
GSR 12,NSIC Rc 480
JACKPOT 102,NSIC Rc 666H
35,Undefined
NSIC Rc 244H,NSIC Rc 244H
NK017,NSIC Rc 234H
PLATINUM,Undefined
NSIC Rc 672 ( Tubigan 57 ),NSIC Rc 672
RCL,Undefined
HYVAR,Undefined
BIGANTEN PLUS,NSIC Rc 314H
0.22,Undefined
sinamdomeng,Undefined
NSIC RC 223,Undefined
BIORIOCE,Undefined
NSICRc,Undefined
0.76,Undefined
BIGANTW=E,NSIC Rc 314H
4.4,Undefined
RIO RICE,Undefined
NSICRc436,NSIC Rc 436
354,NSIC Rc 354
NSIC Rc 616H ( Mestiso 107 ),NSIC Rc 616H
PHB76,Undefined
5.5,Undefined
SL 18,SL-18H
NSIC RC 540H,NSIC Rc 540H
2.6,Undefined
LPP2096,NSIC Rc 404H
1.6,Undefined
Rc 777,Undefined
526,NSIC Rc 526H
Rc66h,Undefined
rcl,Undefined
SL 9,NSIC Rc 132H
NSIC Rc 472 ( Sahod Ulan 22 ),NSIC Rc 472
1.25,Undefined
517H,Undefined
0.6,Undefined
9,Undefined
508/402,NSIC Rc 508
BIORICE-650,BIORICE 650 (BIOSEED)
NSISCRc218,NSIC Rc 218SR
216/508,NSIC Rc 216
336,NSIC Rc 336
Brilliant,Undefined
lp74,Undefined
1.7,Undefined
BOLO,Undefined
BRIO650,BIORICE 650 (BIOSEED)
bio 453,NSIC Rc 522H
62,Undefined
NSIC 2014 Rc 27,NSIC Rc 27
phb89,NSIC Rc 322H
HYRBID,Undefined
SL -19H,NSIC Rc 488H
7,Undefined
404-H,NSIC Rc 404H
LP-2096,NSIC Rc 404H
2.4,Undefined
LP2906,NSIC Rc 404H
pbh73,NSIC Rc 176H
NK8071,NSIC Rc 234H
NSIC Rc 238,NSIC Rc 238
2.44,Undefined
479,Undefined
1.94,Undefined
0.2,Undefined
SL9H,NSIC Rc 132H
M1,Undefined
TH-92,TH-82
habalis,NSIC Rc 410H
JASMIN,Undefined
BATARTI,NSIC Rc 406H
R117,Undefined
0.24,Undefined
11.7,Undefined
213,Undefined
PAC801,Undefined
BIROCE,Undefined
NSIC Rc 222 (Tubigan 18),NSIC Rc 222
IL29,Undefined
s60063,NSIC Rc 376H
4420,NSIC Rc 442
US-88,NSIC Rc 236H
70,Undefined
LP 37,NSIC Rc 456H
SL 20 H,NSIC Rc 540H
GSR8,NSIC Rc 480
RCSG003,NSIC Rc 376H
NSIC Rc 358,NSIC Rc 358
sl8-h,NSIC Rc 132H
2.8,Undefined
NKS017,NSIC Rc 234H
524H,NSIC Rc 524H
-,Undefined
Red ricee,Undefined
3.8,Undefined
14.5,Undefined
JASMINE,Undefined
NSIC RCE 222,NSIC Rc 222
SLH-8,NSIC Rc 132H
27888,NSIC Rc 494H
GLOBAL,Undefined
LP 536,NSIC Rc 486H
SL-20 H,NSIC Rc 540H
NSIC Rc 430,NSIC Rc 430
NSICRc2436,NSIC Rc 436
LONG PING 937,NSIC Rc 456H
glutinous,Undefined
NSIC Rc 384H ( Mestiso  63 ),NSIC Rc 384H
MESTISO 20,NSIC Rc 204H
Quadro 2,Quadro Alas
NS860,Undefined
RCc506,NSIC Rc 506
1212,NSIC Rc 212
0.37,Undefined
Longping0,NSIC Rc 404H
Rv 442,NSIC Rc 442
MSIC Rc 436,NSIC Rc 436
GSR22,NSIC Rc 480
Rc 536,NSIC Rc 536
410,NSIC Rc 410H
1.95,Undefined
NSIC 2011 Rc 256H,NSIC Rc 256H
AZ8433,Arize AZ 8433 DT
phb322,Undefined
white rice,Undefined
DINORADA,Undefined
NSIC Rc 124H,NSIC Rc 124H
LP1232,Undefined
NSIC Rc 534,NSIC Rc 534
RC  218,NSIC Rc 218SR
NSIC Rc 154,NSIC Rc 154
sS6003,NSIC Rc 376H
SL/8H,NSIC Rc 132H
rc1560,NSIC Rc 156
Mestiso 20,NSIC Rc 204H
SL 9-8H,NSIC Rc 132H
SL 19 H,NSIC Rc 448H
NSIC RC 440,NSIC Rc 440
356,NSIC Rc 356
NSIC Rc 372H ( Mestiso 57 ),NSIC Rc 372H
blonde`,Undefined
NA,Undefined
sl16h,Undefined
pulutan,Undefined
PH885,NSIC Rc 664H
Magnolia,Undefined
BOLAO/222,NSIC Rc 222
PHB  73,NSIC Rc 176H
NSIC Rc 670 ( Tubigan 56 ),NSIC Rc 670
JACKPOY,NSIC Rc 666H
BOLAO0,Undefined
PHB-77,NSIC Rc 492H
bilibod,Undefined
S006,NSIC Rc 376H
1.44,Undefined
P798,NSIC Rc 322H
Glutionous,Undefined
NSIC Rc 654H ( Mestiso 111 ),NSIC Rc 654H
gloutinous,Undefined
NSIC RC 400,NSIC Rc 400
0LP534,NSIC Rc 486H
Rc 228,NSIC Rc 228H
rc501,Undefined
LP34,Undefined
NSCIC Rc 222,NSIC Rc 222
NSIC Rc 686 ( Salinas 39 ),NSIC Rc 686
Arize,NSIC Rc 410H
218 (DD),NSIC Rc 218SR
NSIC RC218,NSIC Rc 218SR
348,NSIC Rc 348
405,Undefined
rc105,Undefined
Rc666h,NSIC Rc 666H
LONG PING 2096,NSIC Rc 404H
A2-8433,Arize AZ 8433 DT
IR69726-2 9-1-2-2-2,IR69726-29-1-2-2-2
lpp37,NSIC Rc 456H
NSIC Rc 594 ( Sahod Ulan 33 ),NSIC Rc 594
s6001,NSIC Rc 376H
21y,Undefined
R64,Undefined
2.19,Undefined
UPL Ri1,Undefined
2.7,Undefined
21 6,Undefined
1.84,Undefined
BF,Undefined
0Rc 480,NSIC Rc 480
NIC507,Undefined
489,Undefined
Burdagul,PSB Rc 34
280,NSIC Rc 280
Bigantejj,NSIC Rc 314H
548,NSIC Rc 548H
08SL20,Undefined
GS1212,Undefined
NSIC Rc 208H,NSIC Rc 208H
NSIC RC 436,NSIC Rc 436
NSIC RC 508,NSIC Rc 508
NSIC RC 628,NSIC Rc 628
NSIC Rc 600,NSIC Rc 600
NSIC Rc 632,NSIC Rc 632
NSIC RC 582,NSIC Rc 582
NSIC Rc 634,NSIC Rc 634
NSIC RC 472,NSIC Rc 472
NSIC 2013 Rc 336,NSIC Rc 336
NSIC Rc 624,NSIC Rc 624
